engine_temp,vibration_level,battery_voltage,engine_rpm,fuel_level,mileage,maintenance_needed
94,9,11,4609,45,6673,1
118,5,13,1858,28,189673,1
85,3,12,3305,80,149503,0
78,6,14,3911,13,37895,0
61,3,13,1880,32,28661,0
64,5,11,4277,84,85893,1
78,6,12,4103,44,47525,0
116,2,12,3982,44,104817,0
90,9,13,2808,11,170749,1
60,7,12,2372,92,163994,0
114,4,13,730,54,161519,1
111,7,11,3992,59,116792,1
84,1,14,4394,37,161377,1
62,4,14,3659,23,51599,0
85,1,13,4061,43,80005,0
102,7,13,3216,15,66507,0
69,4,11,4233,32,68739,0
93,1,14,3772,31,112140,0
96,2,14,4713,88,133281,0
98,4,14,1323,78,74396,0
85,6,13,2466,9,165364,0
62,3,11,2311,46,13358,0
86,1,12,4651,25,129961,0
77,4,12,2844,19,98612,0
66,3,14,4670,75,108172,0
77,7,13,4943,17,44245,0
75,8,11,2826,44,93661,0
107,9,14,4980,21,140785,1
67,5,13,3863,50,32273,0
92,1,12,2755,91,160872,0
118,7,12,2130,82,32287,0
64,6,13,4709,12,38973,0
65,6,13,3272,63,11642,0
69,3,13,2241,41,64177,0
64,2,13,1106,13,42106,0
60,4,14,4570,85,29128,0
70,6,13,1206,52,120484,0
64,1,13,1467,95,45386,0
68,7,13,3522,63,172540,0
78,8,11,4473,5,186718,1
68,7,11,2364,10,34517,0
103,3,12,4024,82,158518,1
119,6,14,4124,46,70734,1
93,1,14,1505,40,68515,0
72,1,14,713,68,62100,0
112,4,13,1570,67,18179,0
96,6,11,4945,33,124388,1
77,5,11,1507,88,196875,0
77,2,11,3639,58,105574,0
91,3,11,1259,10,77183,1
75,7,14,3246,22,179554,0
104,2,12,4327,13,165409,1
81,9,11,4007,61,158386,1
74,9,11,1542,93,65806,1
108,3,13,2176,9,185591,1
63,9,14,867,12,55799,1
79,6,12,3591,47,161160,0
69,5,11,1419,72,23089,0
114,4,12,2961,43,182323,0
91,6,13,3829,76,161450,0
109,6,13,845,12,115073,1
69,9,13,1069,97,98705,0
65,1,13,4574,60,125112,0
71,5,13,3574,31,67229,0
62,9,13,1308,79,36086,0
81,9,14,1686,41,19751,0
70,3,14,938,42,59794,0
81,8,11,710,23,116938,0
114,2,13,4261,34,94597,1
111,2,13,4780,86,97685,0
74,1,12,2748,48,143354,0
69,8,13,1920,98,14380,0
70,9,13,4741,62,13864,1
73,5,14,701,23,129350,0
62,9,13,2171,45,176554,1
81,7,13,3898,99,114079,0
69,7,14,918,69,171913,0
104,2,12,3269,85,64963,0
76,8,12,3634,61,168288,0
76,3,13,4276,45,184806,0
119,8,11,1730,79,97862,1
105,9,11,4505,47,105408,1
103,1,11,4855,14,186537,1
117,7,11,4433,5,137990,1
102,5,12,2327,83,15105,0
105,8,11,4042,43,140024,1
113,1,14,2261,36,140157,0
64,6,12,2309,68,24592,0
71,2,12,4999,58,183321,1
64,3,13,4835,78,163675,1
89,8,12,3105,9,63805,1
71,3,14,4344,75,11616,0
99,6,14,3570,48,26056,0
62,5,13,4565,41,66505,0
68,8,13,3549,98,26209,0
75,4,12,999,28,137441,0
64,1,14,4982,73,153702,0
78,4,14,1304,65,78284,0
106,9,11,4993,45,9669,1
116,2,12,1231,75,110057,0
103,2,13,4617,41,154062,1
112,9,11,2600,18,131186,1
65,3,11,2676,90,177437,1
61,3,12,4234,43,194682,0
91,3,11,4124,68,91195,1
99,6,14,3742,73,95785,0
101,4,12,2200,33,116587,0
60,5,14,2508,36,86974,0
70,4,13,2359,97,144504,0
63,9,11,2597,50,116489,1
108,6,13,1688,83,186366,0
98,4,14,3612,27,181530,1
64,5,14,1294,6,176768,0
83,7,12,2695,31,134288,0
113,1,14,3842,41,139403,0
96,7,11,4584,66,139810,1
68,6,13,3478,64,71685,0
64,6,13,3997,32,28308,0
87,6,12,1298,72,137871,0
60,9,14,4655,53,186604,1
75,9,12,1810,46,89416,0
91,8,14,3318,32,46023,0
83,1,13,4635,55,62548,0
85,8,13,2323,51,128340,0
102,2,13,1945,35,74446,0
111,9,14,2312,36,35932,1
103,7,13,4293,63,114491,1
66,2,14,4458,75,141559,0
76,4,13,1231,57,9418,0
93,2,12,4742,93,145910,0
67,8,12,2075,64,184202,1
106,1,12,765,55,192219,1
63,3,13,1992,11,84348,0
90,6,11,846,19,144221,0
66,6,12,3178,79,46494,0
102,5,11,872,94,176370,1
74,2,12,3945,90,161516,0
64,7,14,4817,88,9039,0
69,3,13,3034,50,9888,0
102,7,14,1531,53,83347,0
71,1,14,852,57,31139,0
105,8,11,1934,42,83114,1
65,4,12,1277,61,19422,0
89,9,14,2975,99,104759,0
86,2,14,1881,70,163699,0
62,3,11,3693,25,168604,1
80,1,13,1719,80,176454,0
86,8,11,2137,84,62429,1
88,7,11,2747,25,147383,0
70,5,13,4196,63,158483,0
65,2,12,1302,33,50741,0
97,6,14,1750,12,24492,1
105,7,11,2779,53,159989,1
100,1,11,2491,82,27698,0
63,5,13,4560,72,183240,1
65,9,12,4263,55,138612,0
104,1,13,3631,29,109774,0
81,4,13,894,6,8796,0
79,4,12,3389,79,156695,0
118,6,11,2283,53,17478,0
68,8,11,4289,75,69737,1
65,2,12,4701,10,99243,0
68,4,12,907,45,118115,0
70,7,12,2102,76,181000,0
102,7,12,1522,7,71909,1
109,5,11,3191,25,157359,1
94,4,11,4082,47,168504,1
92,8,11,3183,57,124882,1
108,5,12,2194,22,144499,0
108,4,11,3430,96,198733,1
61,5,13,2737,52,124914,0
85,1,14,4775,85,87133,0
92,6,13,1863,22,190394,0
106,2,12,2600,48,61996,0
81,6,14,2776,98,120138,0
109,4,14,1857,29,163909,1
65,5,12,3330,72,142706,0
93,2,12,3166,56,55418,0
68,5,13,4113,15,174234,0
99,3,13,1050,10,126930,0
119,7,12,1366,52,196344,0
76,5,13,1549,95,115262,0
104,8,11,1648,38,146177,1
62,1,12,3622,18,99134,0
98,5,11,3181,28,64175,1
60,6,14,3517,44,104632,0
80,4,14,1478,69,146612,0
104,3,11,3919,65,88701,1
108,3,14,1636,63,58716,0
96,9,11,4627,22,63651,1
85,6,11,1108,26,62777,0
101,8,14,4877,50,22400,1
108,1,12,1525,24,184068,0
80,3,14,1256,18,28913,0
100,2,12,4533,20,26268,1
108,2,14,2254,7,102260,0
86,9,13,1996,24,89325,0
86,7,12,3563,20,76296,0
111,3,11,3741,65,192638,1
92,1,14,1259,98,10838,0
102,8,11,796,46,136780,1
69,7,12,2729,87,182262,0
68,7,12,3994,94,41369,0
67,9,11,4484,89,154293,1
112,2,14,4962,41,48447,0
117,4,12,4468,55,83115,1
73,9,14,2228,31,117926,0
117,1,14,2878,50,99606,0
95,8,12,4069,6,140683,1
78,8,14,1351,21,27459,0
102,3,14,3808,68,99074,0
62,1,13,4270,56,31212,0
91,7,14,2783,65,74543,0
85,5,11,4015,85,86779,0
117,8,14,3220,30,119062,1
79,6,13,3814,43,142752,0
65,9,11,4397,48,190349,1
70,6,14,2066,49,87882,0
60,5,13,4728,72,67142,0
83,6,13,1838,96,21330,0
103,5,11,3301,45,138759,0
119,2,14,4706,31,27459,1
80,4,13,2046,37,63729,0
91,9,12,4057,80,13513,1
63,2,11,3864,57,100084,0
77,3,12,1837,19,6816,0
64,8,11,3236,98,139955,1
113,6,14,808,13,186231,1
94,8,12,2610,12,49000,1
101,8,14,3862,57,47568,1
64,9,12,2322,32,16912,0
96,5,11,3791,61,49358,1
78,2,11,4305,8,17987,1
85,7,11,4934,72,78128,1
90,8,12,2789,69,99193,0
111,1,13,3333,9,155747,1
116,9,11,4133,50,55723,1
65,6,14,1119,11,100562,0
75,1,14,3096,68,141457,0
72,2,13,3508,79,73681,0
68,7,14,4199,56,108830,0
115,2,11,4952,6,56777,1
92,8,13,2592,81,122847,0
77,7,11,3672,94,61694,0
91,3,14,4907,5,132885,0
101,7,11,1731,30,65857,1
80,3,11,2857,70,134654,0
99,4,14,1525,40,59443,0
84,2,13,3620,32,87242,0
62,1,14,4267,70,77581,0
99,3,11,3192,32,80095,0
119,9,12,4462,79,145662,1
112,2,11,703,15,103612,1
112,8,11,1823,50,161761,1
67,1,12,4765,82,111273,0
116,5,11,736,96,91914,0
96,2,14,2306,75,155495,0
109,8,11,1614,98,192297,1
100,2,11,3366,6,198640,1
67,5,13,1545,39,101809,0
61,3,12,2532,62,43922,0
61,6,13,1254,20,36081,0
70,6,11,4816,42,28364,1
91,4,14,4786,28,126455,0
68,7,12,2388,46,121355,0
113,4,12,1663,63,64486,0
69,5,14,2727,75,108759,0
87,2,13,2968,5,93225,0
78,6,13,3010,91,191615,0
89,2,12,3904,37,35349,0
99,9,14,4940,57,18961,1
114,1,12,1103,58,149727,0
75,7,11,4238,79,61771,1
105,4,13,4506,65,156186,1
111,1,14,1647,25,75400,0
108,5,14,4370,83,123362,1
96,3,13,3678,18,125820,0
108,5,12,4302,91,27090,1
73,4,11,1562,38,183555,0
113,8,12,3595,69,172712,1
85,7,14,3532,64,149545,0
100,8,14,1162,91,195694,1
94,9,12,3866,11,166020,1
100,5,14,1623,72,93033,0
118,9,14,3307,90,168934,1
64,1,12,4009,63,145850,0
88,1,11,737,63,11891,0
79,2,12,1040,67,38588,0
72,8,12,2990,97,160331,1
85,3,12,4386,93,195785,1
93,6,13,1949,55,84365,0
78,6,12,4791,65,156947,0
109,1,13,4946,8,25805,1
85,4,11,3575,72,69383,0
87,7,14,1781,82,24270,0
108,5,12,2964,42,75559,0
118,8,13,3273,89,188833,1
109,7,13,4317,87,140549,1
108,9,13,2146,23,36276,1
73,7,11,4212,35,198969,1
60,4,14,4194,55,190683,0
115,8,11,1882,71,184913,1
118,5,12,754,36,165463,1
86,6,13,2746,39,195774,0
79,1,13,2710,8,87941,0
101,8,12,3583,73,174213,1
81,8,13,1070,82,29105,0
66,8,12,1274,23,134167,0
78,1,11,1514,30,124835,0
113,4,11,2226,40,55153,1
64,2,12,3418,92,10843,0
92,5,13,3435,40,72005,0
116,4,13,2083,84,111241,0
97,7,13,4108,64,156465,1
91,9,11,4800,13,21495,1
99,8,14,1852,78,66486,0
70,4,13,2039,60,21039,0
102,7,14,1801,16,12254,0
87,6,11,3287,33,34205,0
83,1,13,1623,17,37949,0
108,2,13,4805,35,108572,0
89,3,11,4069,72,34027,1
108,7,11,1959,5,144017,1
78,6,12,2583,49,19458,0
74,7,11,4243,69,140637,1
93,4,12,2694,52,118426,0
108,5,12,3679,74,193038,0
99,5,14,2098,26,94540,0
92,5,12,2609,54,86967,0
116,1,13,2671,70,37962,0
85,7,12,3887,15,67918,0
72,1,11,3428,10,163078,1
94,2,11,1739,96,111183,0
108,7,14,2877,32,10126,0
108,2,12,1774,31,47602,0
81,5,11,2980,72,188729,1
116,9,12,4681,53,174780,1
96,3,13,4648,6,76635,1
60,7,13,3937,18,27657,0
99,1,12,1755,58,32992,0
111,2,13,1143,60,99714,0
62,9,11,2234,15,13340,0
67,9,14,4883,52,123466,1
115,7,12,2063,12,8781,0
60,1,12,953,84,163579,0
61,5,13,4112,22,35733,0
84,2,12,2936,86,172842,0
113,7,12,4408,31,167361,1
62,4,14,4935,60,59289,0
61,9,13,4061,37,108678,1
102,2,14,3695,21,68742,0
99,2,14,983,23,65424,0
64,8,14,3561,96,172718,0
77,3,13,2944,63,90060,0
95,7,11,4948,27,16270,0
65,8,12,3238,15,41802,0
97,6,14,3677,12,175565,1
70,8,13,4587,48,103239,0
105,7,14,1337,91,15986,0
115,3,12,2223,86,40677,0
71,5,13,722,96,165042,0
88,3,13,2355,95,45774,0
65,5,13,4400,95,88495,0
87,5,11,4734,5,88772,1
76,5,13,704,84,109423,0
78,3,11,2005,61,8098,0
119,3,11,1035,82,120215,1
73,2,14,3127,91,134684,0
87,7,14,3197,87,45890,0
68,2,14,4052,30,6445,0
116,5,13,3591,76,48415,0
70,3,14,4591,82,142924,0
83,3,13,765,20,122417,0
104,9,12,4326,97,13879,1
70,5,13,2169,16,27948,0
104,3,14,4407,13,10685,1
79,7,14,4147,12,64543,0
60,2,13,1843,83,25071,0
98,4,12,1477,83,13858,0
94,9,12,1832,35,19985,0
95,8,14,4450,65,93931,0
97,3,13,2178,76,175074,1
75,3,14,1025,71,84348,0
78,4,11,3001,33,185535,0
74,1,13,3315,99,188206,0
86,6,14,3895,87,132193,0
101,3,13,3184,62,51223,0
98,1,13,4579,91,56011,0
99,1,13,4375,10,156168,1
76,2,12,732,18,55961,0
64,7,13,3642,27,142948,0
65,8,11,1933,7,174793,1
66,4,11,3049,78,83078,0
96,1,14,4756,59,76907,0
73,1,14,1939,20,20331,0
110,9,14,1138,65,14682,1
97,8,11,3546,11,43613,1
74,5,13,4905,53,67089,0
78,4,13,3437,33,12673,0
72,8,13,3354,15,82197,0
116,1,14,3717,91,117367,0
95,8,14,4227,97,50847,1
114,6,13,2551,85,44079,0
87,2,14,2129,84,141011,0
83,4,11,775,15,42742,0
113,6,14,4605,84,187420,1
60,4,12,2563,11,99356,0
113,9,14,3390,79,167284,1
108,7,14,2867,51,150249,0
87,1,11,1849,77,12498,0
92,5,14,3415,42,105513,0
99,1,14,1469,41,141887,0
69,1,11,2612,25,108593,0
110,6,11,3166,47,133040,1
64,5,13,4378,59,183138,1
65,9,11,2651,10,35647,1
99,6,11,3880,18,143509,1
96,3,13,3231,19,59426,0
100,4,13,4497,52,110277,0
115,5,14,2020,83,9161,0
119,5,14,710,10,121312,0
106,1,14,2401,96,162895,0
73,9,14,3459,91,44286,0
93,4,14,2160,19,121028,0
69,7,14,4641,37,65936,0
114,4,14,4686,7,167620,1
74,5,12,3878,70,27754,0
81,6,14,1043,9,111230,0
118,8,13,3907,77,130378,0
95,9,11,2475,54,124635,0
112,5,12,1463,93,121639,0
89,5,14,3549,13,70062,0
101,4,14,2627,91,143193,0
86,7,13,1426,68,141603,0
116,4,13,3655,28,143558,0
60,5,13,2936,13,24852,0
71,9,11,1939,54,44797,0
92,6,14,1405,30,174738,0
75,4,13,852,70,10173,0
75,2,12,2121,80,100518,0
119,2,11,2436,6,88214,1
69,7,13,2541,14,35534,0
111,5,11,3423,39,98428,0
76,4,12,4711,43,118429,0
108,6,13,2681,93,135331,0
84,3,13,4325,22,117192,0
90,3,13,777,46,116671,0
64,2,13,802,53,47516,0
116,8,14,1401,87,5236,0
113,7,11,2590,92,150248,1
79,2,13,3485,72,197551,0
97,9,14,2026,12,117657,1
108,5,11,4742,35,84286,1
116,5,14,2687,95,13959,0
83,1,13,2177,91,115047,0
110,2,12,2043,79,33388,0
74,2,13,731,53,31686,0
82,9,11,963,94,8804,1
81,2,13,3834,97,58004,0
87,6,13,2228,78,35226,0
90,7,12,899,33,97737,0
119,1,11,1729,27,156945,1
110,4,13,1405,21,82163,0
66,4,14,844,64,89088,0
118,5,12,2244,12,148767,0
119,8,12,1086,60,36519,0
66,9,12,884,49,113638,0
98,8,14,2943,11,97068,1
69,7,13,946,26,21259,0
112,5,12,4431,45,192301,1
75,6,11,3084,69,20875,0
68,1,12,913,71,39659,0
64,6,13,4405,22,82952,0
109,6,13,3234,50,70439,0
65,4,12,747,92,147956,0
63,9,12,2145,64,150809,1
99,2,13,800,44,21856,0
96,8,11,1810,97,197797,1
115,6,12,3649,46,46587,0
94,9,12,1198,72,108169,0
70,8,12,2484,72,92307,0
105,6,11,2516,84,67641,0
86,4,12,3587,95,157390,0
110,8,12,2942,79,74192,0
74,5,11,3976,61,50444,0
106,2,14,2949,35,87681,0
119,6,12,2425,94,54118,0
108,5,11,2971,5,102698,1
80,3,13,3205,19,194107,0
61,2,13,2560,51,104072,0
100,9,14,2024,60,133108,1
73,6,13,4064,88,35065,0
88,4,12,747,46,145445,0
83,6,13,4282,53,175496,1
87,5,14,3727,40,174517,0
73,9,13,1996,14,108400,0
93,2,12,2724,71,177281,0
78,3,12,2095,74,8873,0
64,4,12,3852,85,109073,0
93,4,11,4216,38,122046,0
66,1,13,3189,78,17730,0
78,6,14,3171,57,52954,0
114,9,11,4680,97,174430,1
87,1,13,4372,66,113763,0
77,8,13,1474,94,22250,0
69,2,11,4293,30,174313,1
74,8,14,2432,35,63383,0
107,3,12,4050,97,188036,1
108,8,11,2203,41,50552,1
71,4,14,4974,85,19571,0
81,6,12,1068,98,121919,0
117,9,14,4888,93,24152,1
80,4,11,940,83,46954,0
60,9,13,3090,18,15293,0
109,7,13,3808,95,33086,0
109,4,11,4428,57,90327,1
64,8,13,999,10,35396,1
102,5,12,4803,32,139777,0
86,6,13,1465,28,49591,0
115,9,11,1900,83,135953,1
113,8,14,1760,90,54970,1
115,3,12,1107,88,5803,0
84,5,11,4633,84,92729,1
91,8,14,728,26,87278,0
80,5,11,3633,70,115994,0
70,3,12,4537,25,21099,0
96,4,13,3482,59,99341,0
112,3,13,1909,66,184115,1
88,7,14,3475,22,55863,0
75,5,12,4556,11,199892,1
102,9,13,1052,89,149984,0
76,3,11,2101,73,171336,0
93,5,12,712,61,136141,0
81,3,12,2740,56,70455,0
76,3,12,2020,79,71990,0
97,5,14,1612,92,27051,0
68,6,12,2933,57,176479,0
81,5,14,2824,22,168635,0
114,9,11,2953,26,5080,1
61,2,11,2243,53,163783,1
75,6,12,3275,84,67965,0
116,8,13,2045,49,16903,1
69,6,13,3026,62,115892,0
91,9,12,3914,18,198042,0
80,2,11,3395,94,128868,0
88,2,14,4564,56,197045,0
76,4,11,2716,99,175733,1
65,3,13,1394,89,88932,0
112,7,11,2932,86,113528,1
100,9,11,2076,6,97321,1
95,2,13,4654,95,43531,0
66,4,14,4263,76,44324,0
83,6,14,4691,84,24154,0
80,4,13,3714,23,135037,0
92,7,13,2601,81,138768,0
70,3,14,3442,39,69218,0
75,4,13,3206,6,30430,0
67,8,12,4873,74,130920,0
114,2,12,4979,75,42388,1
73,7,11,1486,10,193749,1
89,4,14,3021,76,150536,0
77,1,13,3377,92,193213,0
112,9,11,3302,98,20763,1
99,3,14,3075,85,14029,0
74,8,12,3397,5,122901,1
69,2,14,4624,78,186907,0
116,7,11,1456,91,121681,1
72,8,14,2345,35,149251,0
86,1,14,2123,8,84990,0
109,1,13,1725,39,118570,0
72,5,12,2366,70,57674,0
69,1,13,1644,35,192836,0
73,4,12,3323,46,135008,0
103,5,14,2986,22,128050,0
72,9,13,1110,44,192257,0
92,4,11,1988,28,179872,1
97,3,13,1703,26,59381,0
62,7,12,1145,47,164575,0
79,4,13,1823,83,195761,0
118,1,12,941,8,28876,0
80,8,11,2701,58,102668,1
95,6,13,4308,8,171505,1
67,1,12,3345,77,5151,0
63,5,13,2175,56,195808,0
86,4,14,3300,24,121529,0
106,7,11,4554,48,165504,1
68,6,12,2644,36,133860,0
85,7,11,1524,99,135967,0
76,1,12,1280,59,174885,0
81,6,13,2019,13,39178,0
97,5,13,1481,7,82918,0
115,8,13,3557,34,183860,1
67,2,14,4101,17,157106,0
84,4,13,4480,38,61650,0
84,2,13,994,9,132694,0
101,7,13,2336,62,16413,0
88,2,13,4905,75,188468,1
106,3,14,795,59,52931,0
115,5,12,925,95,114362,0
110,6,13,994,34,91045,0
119,2,11,4445,8,160117,1
101,1,13,3321,33,196651,0
67,5,13,2725,84,144205,0
104,8,14,4198,17,11984,1
93,4,13,1988,55,139185,0
83,4,11,3216,15,180322,1
117,8,14,4647,42,173883,1
101,1,13,4991,59,48234,1
66,6,11,2948,16,125958,0
78,7,11,1306,92,92986,0
111,2,13,4355,6,133029,1
98,1,11,2082,77,6145,1
66,6,14,4628,37,119964,0
87,8,12,4605,81,110999,1
92,5,11,4821,60,23151,1
117,5,11,4756,49,68741,1
96,1,12,3181,16,24288,0
101,3,11,1613,30,42058,0
93,8,11,1036,29,27683,1
109,6,12,4215,61,146879,0
72,1,12,2685,23,66427,0
113,6,14,1921,96,194020,1
107,5,13,2875,64,40179,0
91,2,11,3646,40,85761,0
98,4,11,945,11,79462,1
88,4,12,4813,7,58526,1
79,7,12,1667,36,139739,0
79,5,14,4482,24,195227,1
114,5,11,1252,55,108691,0
89,6,13,4380,24,111246,0
78,9,14,935,33,162598,0
65,3,12,2407,45,8699,0
80,5,13,1434,59,30560,0
87,7,11,1021,45,40850,0
88,6,11,1962,67,177355,0
116,2,13,2760,85,140775,0
77,6,11,2868,85,193419,0
62,7,11,1228,36,193102,1
93,2,14,2117,91,161318,0
104,4,14,3423,89,70990,0
107,6,13,2757,70,69919,0
63,4,11,920,69,151743,0
63,5,12,4853,36,134435,0
81,4,13,4687,52,193344,1
69,2,14,2134,42,74731,0
110,9,13,2109,34,117514,0
94,7,12,4080,21,192215,1
74,8,11,2323,11,35238,1
87,9,14,2489,13,142321,1
98,9,11,2924,68,35724,1
67,3,14,4773,40,98090,0
63,8,13,4930,77,84939,1
117,2,14,759,38,150206,0
86,4,12,3891,43,155695,0
81,2,11,3157,34,165353,0
80,3,14,3596,56,65032,0
107,3,13,1806,70,174402,1
71,1,13,3221,6,74730,0
108,9,13,2890,59,24212,1
94,8,11,4756,78,125644,1
73,9,13,3000,19,95211,0
97,8,13,1274,92,140535,0
60,5,11,1691,67,45250,0
75,5,13,2269,7,23184,0
76,4,13,3622,22,142335,0
83,8,11,1082,60,80185,1
65,5,11,2712,25,49190,0
81,4,14,1549,5,89752,0
111,9,12,2473,62,139738,1
111,2,14,4279,80,123503,0
102,8,12,1162,91,152803,1
81,3,12,2474,24,167329,0
69,8,13,1670,39,63494,0
73,5,12,1395,45,182997,0
105,5,11,1436,29,6209,0
109,7,12,2380,55,46273,0
119,7,12,766,60,68489,0
96,7,12,896,67,13497,0
108,9,12,3762,88,54598,0
81,6,13,1819,52,67527,0
110,6,14,3564,25,60133,0
101,8,13,4093,25,181299,1
116,9,14,1153,64,188827,1
112,7,12,4659,12,103954,1
83,9,14,1876,11,138521,1
62,6,14,1242,97,177350,0
100,9,11,2117,64,125532,1
111,3,14,1803,48,199365,0
82,6,14,1400,45,160785,0
61,1,12,4778,28,159459,1
90,1,13,4173,81,195383,1
89,5,13,4558,35,94310,0
107,8,14,776,17,168341,1
84,8,14,3329,42,186261,1
81,1,11,1615,32,103113,0
102,8,14,3749,80,53091,0
116,3,14,3050,55,35366,0
85,5,11,3973,93,170233,0
61,7,13,1570,32,127052,0
84,6,12,4906,86,151833,0
63,7,14,4220,43,24186,0
80,1,11,3719,60,115221,0
79,3,11,2200,66,159519,0
109,9,11,4173,65,50736,1
106,2,14,4453,83,13101,0
87,4,11,4000,91,68226,0
86,2,12,3558,8,53664,0
83,5,14,1282,88,78036,0
93,1,14,1768,90,138506,0
106,8,12,1420,34,44972,0
62,6,14,4691,75,26353,0
110,7,13,4061,8,155324,1
74,9,11,922,67,188325,1
102,3,14,773,37,154585,1
119,9,12,4088,71,144393,1
91,8,12,3516,70,74674,0
77,3,13,4258,47,31545,0
90,5,14,1540,11,136155,0
89,6,13,3902,36,151003,0
118,5,14,3882,14,188893,1
76,2,14,3193,55,56150,0
105,1,12,1716,76,79228,0
79,1,14,3476,23,40956,0
63,5,12,1832,54,37248,0
79,3,12,1955,58,5732,0
106,3,14,2740,63,154026,0
106,1,12,4201,52,11739,1
75,5,13,769,87,5515,0
64,8,12,4427,38,64307,0
60,3,14,2120,50,102946,0
116,5,12,4007,12,91552,1
95,2,12,3676,27,108281,0
101,8,12,1722,89,64768,1
115,8,13,2257,63,126151,1
104,9,12,4198,99,18788,1
65,6,13,1826,67,108507,0
66,8,11,1628,47,96754,1
60,9,11,2725,22,40962,1
119,5,13,3228,40,82676,0
109,7,12,1852,39,35174,0
62,2,11,1559,15,110272,0
88,2,11,3344,80,173800,0
96,2,13,3129,94,39725,0
104,9,12,1795,66,84106,1
90,3,14,3176,81,165124,0
74,3,12,1526,22,53619,0
65,3,12,2915,49,192033,0
103,9,14,3789,46,175995,1
87,8,13,1834,14,115051,0
86,9,14,1332,9,57479,0
109,6,14,3674,85,131368,0
84,8,11,1724,60,57111,1
71,3,11,3074,10,195449,1
111,1,13,3990,5,100012,1
74,9,11,1496,40,74749,0
74,5,12,3717,43,49650,0
106,7,12,872,34,128189,0
87,7,11,4069,50,160145,1
117,5,14,2778,31,100297,0
109,2,14,2976,7,44062,1
99,3,12,2198,76,155231,1
65,7,12,2383,27,160645,0
67,7,13,4339,39,164722,0
117,4,12,3503,98,43859,0
114,6,11,4439,27,171854,1
91,2,14,3491,81,177693,0
115,9,11,4889,29,50837,1
89,2,11,3882,41,81786,0
68,8,12,1794,28,89887,0
84,5,14,2952,89,58474,0
117,9,13,3338,74,51202,0
108,4,11,2307,49,85883,1
86,6,11,4337,55,60916,0
73,4,11,3286,10,167206,1
94,1,14,1615,39,56348,0
97,8,14,4909,10,164872,1
86,4,14,2443,9,54520,0
74,5,11,2967,56,184960,0
91,2,14,4873,53,78761,0
61,8,14,2504,89,130261,0
60,1,11,3571,69,80251,0
84,5,12,1849,16,23334,0
114,7,14,1002,76,74928,0
75,3,11,914,19,193508,0
89,2,14,4050,94,57878,0
70,1,11,2412,21,119488,0
93,5,14,3355,90,112790,0
80,2,13,3458,99,166722,0
65,7,11,3518,20,147622,0
94,2,13,1597,62,125426,0
86,2,14,3352,10,79764,0
63,9,11,4386,14,16310,1
119,7,11,2427,52,171617,1
65,6,12,1621,92,89036,0
113,2,12,4726,88,156074,1
110,1,11,4509,34,189181,1
69,3,14,2354,65,15881,0
69,2,12,3972,76,152245,0
103,2,12,3410,75,116018,0
60,1,13,2885,81,119374,0
87,6,11,2543,48,27452,0
81,1,13,4693,16,136698,0
112,7,13,3468,90,52639,0
71,3,11,1688,33,80125,0
100,3,13,2685,48,54942,0
104,9,11,4517,77,100184,1
98,7,13,1681,24,150219,0
98,2,14,1266,51,194098,0
74,6,12,2626,51,14118,0
88,2,11,1516,40,188071,0
107,8,13,2197,27,80535,1
95,6,13,2319,84,10871,0
112,7,14,3662,7,100854,0
107,2,12,3486,43,80671,0
86,3,13,761,23,7440,0
86,5,14,1765,10,116797,0
62,7,14,1933,24,109173,0
107,2,13,2465,53,109195,0
74,7,12,4520,50,29733,0
98,9,14,1334,97,44367,1
62,6,14,3928,9,122088,0
73,3,14,2600,73,176295,0
67,5,14,3939,70,174315,0
61,5,14,4471,45,174648,1
63,6,14,3305,77,112431,0
102,7,13,1985,41,191483,0
117,9,14,3785,49,198710,1
113,5,12,3726,29,144808,0
73,9,12,3520,61,186324,1
103,7,11,739,58,142825,1
105,8,14,932,86,94010,0
100,2,13,4383,79,41226,0
84,5,11,1176,46,94822,0
110,8,13,793,71,135248,1
112,2,14,4004,39,61348,1
112,1,11,2785,60,67194,0
104,8,11,3578,20,173789,1
62,1,12,2026,46,112706,0
92,7,13,4488,61,50711,0
62,4,14,2490,9,5065,0
119,5,13,3222,90,171298,1
116,2,12,1559,88,116384,0
72,7,12,2835,30,44399,0
71,6,13,3757,85,118172,0
80,8,14,1704,21,78170,0
90,2,13,1402,25,171151,0
76,1,11,1111,99,139333,0
94,3,14,2627,92,198296,0
86,5,12,1234,57,178346,0
113,5,13,1905,7,125425,0
87,2,11,4346,88,77209,0
62,5,13,1073,17,10187,0
74,8,11,4411,92,62288,1
114,6,11,1160,46,15147,1
67,5,11,3995,33,112363,0
87,5,13,2655,56,145567,0
63,8,12,4933,74,8215,1
92,5,12,2075,57,88830,0
87,2,13,2885,65,130987,0
75,2,13,1662,66,67223,0
68,9,13,2246,62,133886,0
72,7,12,4440,86,59464,0
85,4,11,4936,9,160154,1
86,9,14,2362,33,188737,0
92,1,11,1150,44,42499,0
95,9,14,3205,59,84074,0
87,9,14,2668,28,35729,0
85,5,11,2057,35,86210,0
111,2,12,4192,19,62222,0
111,6,14,4037,33,182331,1
118,2,13,4780,91,75254,1
69,4,12,1908,10,144513,0
88,2,14,1421,72,176852,0
75,3,11,4511,84,87851,0
61,5,11,811,64,159851,1
64,2,13,2195,62,145753,0
67,9,13,1590,52,167504,0
108,8,14,731,9,15114,1
94,1,14,4028,49,197141,0
71,6,14,1510,36,167330,0
71,5,12,4420,50,188022,0
76,3,13,2768,13,50450,0
116,2,14,1697,12,158195,1
98,2,14,1672,52,176841,0
60,5,14,1334,60,107536,0
117,8,12,4520,35,6792,1
95,2,11,1006,27,77399,0
67,2,13,4099,52,123604,0
96,8,11,4081,96,197966,1
114,8,12,4052,60,134156,1
119,6,14,1025,30,171175,0
116,6,14,3198,88,168671,0
71,9,12,3370,51,165825,1
64,8,12,2283,16,174902,1
82,6,12,3896,17,120974,0
117,6,14,4816,62,162726,1
88,4,14,1117,84,99599,0
115,4,13,4514,16,149371,1
115,7,11,1569,77,31965,1
109,7,11,4497,10,66189,1
92,9,12,2049,41,70553,0
99,3,12,4906,56,151611,1
77,5,13,893,5,157441,1
77,8,11,1625,39,191035,1
82,9,12,874,11,21948,1
69,8,14,4957,8,105752,1
78,5,11,3093,19,104577,0
62,9,12,4746,89,6765,0
85,9,14,4166,78,113792,1
115,2,12,4747,19,75561,1
99,8,14,4941,44,42117,1
71,4,14,3358,23,176928,0
63,2,12,2561,67,32236,0
68,1,12,3271,53,183831,0
72,5,12,933,57,190375,0
92,2,12,4535,94,82155,0
114,4,14,4436,84,110823,0
99,6,11,1596,70,122845,1
72,5,14,2603,33,5939,0
75,7,11,1533,12,177734,1
96,3,14,1537,24,13942,0
83,5,14,1309,64,47015,0
102,3,12,2182,48,139664,0
107,3,13,996,68,185763,1
110,6,12,3027,64,68755,0
93,7,13,3791,31,72336,0
107,6,13,1872,28,145287,0
68,2,13,4891,23,114611,0
76,2,11,2554,26,5241,0
77,5,14,3218,82,73166,0
64,8,12,1191,10,97390,1
80,5,12,3071,67,130304,0
102,9,13,2944,49,156794,1
61,9,11,754,97,119899,1
103,5,12,2201,37,40000,0
112,3,13,1755,78,152284,0
101,7,12,1859,83,182992,0
105,9,12,1690,41,144129,0
119,6,11,1861,39,90436,1
78,1,13,4884,13,121947,1
99,5,11,3148,22,94451,1
105,5,11,4986,63,193567,1
113,7,14,3381,95,14233,0
65,6,11,1598,48,129422,0
92,3,13,2299,80,196199,0
119,8,13,4914,81,98273,1
90,5,13,1178,30,42328,0
87,4,12,2143,34,114095,0
100,3,11,2182,33,173153,1
105,5,13,1858,84,107421,0
90,7,14,832,53,98790,0
112,2,14,4740,30,166164,1
116,8,12,3060,18,159318,1
70,5,13,4382,47,77902,0
81,6,14,2573,64,102614,0
97,8,13,2727,72,187143,1
88,1,14,3975,49,87446,0
66,7,11,2795,20,21845,0
80,5,14,2401,42,181244,0
110,2,13,4167,15,35366,0
73,1,13,1074,37,77114,0
73,8,14,2627,36,195055,1
63,2,14,1648,49,59599,0
101,3,12,2385,47,61349,0
93,7,11,3567,33,160652,1
104,5,12,1709,96,80915,0
105,4,13,1219,86,95113,0
107,3,12,1983,35,99243,0
104,6,13,1786,45,8453,0
78,4,13,4079,91,171161,1
101,7,14,1984,7,145127,1
82,4,11,2169,12,126390,1
73,4,12,937,68,146135,0
67,4,12,4477,96,45306,0
108,3,14,3869,23,195312,1
99,7,12,3353,28,51435,0
100,3,11,2098,8,5698,1
85,5,14,1899,24,124366,0
108,6,13,1545,93,5107,0
84,9,11,945,78,106345,0
75,9,11,4079,73,141468,1
69,1,13,4797,28,71630,0
87,1,13,3849,66,194767,0
65,5,13,2433,95,91194,0
101,7,11,2026,41,166991,1
77,5,13,1117,31,126436,0
79,1,12,1737,46,47785,0
114,4,13,3502,12,151307,1
79,5,14,4059,45,92013,0
63,6,12,2602,55,114486,0
93,1,13,2685,97,118764,0
60,8,11,1034,66,191638,1
67,9,11,1839,19,50022,1
79,4,13,887,31,170668,0
101,7,12,2592,29,63145,0
111,8,12,1358,69,155332,1
88,6,11,4696,69,148472,0
103,7,13,1977,97,16424,0
68,7,12,3422,34,188747,0
91,3,11,4465,86,150083,1
74,8,11,2171,10,173672,1
99,2,14,2317,24,148946,0
93,2,14,2642,73,113701,0
98,2,11,1631,10,167749,1
116,2,11,2735,97,100547,0
75,9,11,4980,6,153885,1
79,2,11,4135,78,45864,0
63,3,13,4163,49,153169,0
72,2,12,4554,92,51575,0
70,3,14,2031,19,96350,0
107,7,12,4365,38,31243,0
95,6,14,1234,51,122737,0
97,2,12,2831,56,120276,0
70,7,13,1179,49,86648,0
113,7,14,4655,87,196320,1
82,9,12,1728,42,139423,0
119,2,13,2887,79,112836,0
76,7,12,2613,63,47771,0
67,8,14,2339,51,48984,0
74,8,11,2485,61,46393,0
114,1,13,2301,26,85442,0
71,8,13,1126,5,184078,1
114,6,11,2908,57,192579,1
110,7,14,2665,25,142671,0
91,5,12,4694,84,72048,0
60,2,14,1687,12,103088,0
83,6,11,3307,57,19291,0
76,9,14,1810,56,29826,0
82,3,13,3955,48,178197,0
101,7,14,4409,58,97249,1
72,1,13,2972,22,145895,0
73,7,11,1840,92,130653,0
100,4,11,4428,88,89216,1
94,2,14,2681,69,20132,0
112,1,14,2105,16,141973,0
110,3,13,2140,81,77659,0
62,3,12,2150,43,127420,0
60,6,11,1882,77,124580,0
102,5,11,4489,61,162067,1
109,4,13,2033,46,19243,0
98,9,11,4668,98,32358,1
64,4,13,4234,89,71749,0
116,4,12,1044,97,167945,1
66,2,13,3464,38,73195,0
62,1,11,1951,77,174619,0
91,1,11,1612,87,191177,0
64,3,14,4122,71,194503,0
93,2,14,4524,30,68812,0
83,6,13,3197,86,113571,0
87,1,13,3447,42,127014,0
98,9,13,3137,6,43335,1
74,2,13,1624,32,170797,0
105,2,11,4459,13,155931,1
72,9,12,2007,25,13493,0
108,3,13,1487,8,89586,0
84,2,13,2926,53,151781,0
100,5,11,2747,45,165438,1
71,4,12,4983,63,54568,0
100,1,12,2931,45,145009,0
108,1,11,2102,74,181225,1
105,4,14,1566,82,181921,0
103,5,12,4489,5,101314,1
118,4,11,4770,97,135728,1
65,2,14,1913,64,70654,0
68,1,14,4264,65,120260,0
74,6,13,792,78,78303,0
70,4,13,4574,8,80496,0
102,2,12,1846,34,166036,0
79,1,13,1563,68,46406,0
65,3,11,3048,66,121769,0
86,5,11,4278,57,28943,0
67,5,11,4623,51,82177,1
98,3,14,3229,94,22657,0
113,5,11,2710,31,190384,1
87,3,13,3443,53,62119,0
91,9,14,3295,49,74082,0
91,2,13,1244,56,63226,0
116,6,14,3567,53,22678,0
75,2,11,3701,18,199975,1
87,4,13,1736,95,107065,0
61,8,11,957,39,195872,1
111,8,11,774,55,142542,1
82,4,13,967,44,198874,0
109,1,11,3973,96,111198,1
72,5,12,4831,19,175668,1
95,8,14,4053,7,122739,1
71,4,13,1051,61,155158,0
74,4,14,4820,62,132075,0
118,3,12,2174,83,132940,0
90,5,12,1435,70,115931,0
69,1,13,3042,63,64957,0
75,8,14,1177,53,44561,0
81,4,13,4461,36,114502,0
62,2,11,781,90,179406,1
97,4,14,4146,47,17647,1
78,8,12,1521,21,172458,1
76,3,14,4870,30,107038,0
113,3,13,4383,15,184686,1
95,7,12,990,48,148582,0
119,8,12,1652,96,42601,0
108,9,13,1560,37,179116,1
70,6,11,2056,98,114967,0
81,4,13,1332,81,184549,0
93,9,13,4733,12,5025,1
71,1,12,3802,90,52676,0
65,2,11,2221,6,80856,1
70,3,12,2731,20,193184,0
90,9,13,4364,84,190773,1
98,3,14,1153,31,188591,0
91,5,14,4060,21,11612,0
113,9,14,4273,98,20245,1
66,7,12,927,24,109704,0
86,6,11,2453,9,6141,0
113,1,13,1109,52,140988,0
66,6,12,4406,31,12621,0
89,8,11,2034,15,8062,0
88,2,14,2008,16,9657,0
118,4,12,4328,59,87574,0
103,1,12,2089,26,52258,0
86,2,13,2991,17,79734,0
80,6,13,4539,51,17264,0
67,7,12,1122,16,11054,0
78,1,11,4888,7,172867,1
66,6,14,3601,5,165318,1
110,2,14,1391,73,97199,0
81,2,11,2910,7,177295,1
66,7,12,1690,92,17588,0
97,1,11,2190,34,6296,0
102,1,14,2781,48,26603,0
62,9,13,2195,88,195790,0
67,6,12,3613,82,145422,0
66,3,14,1186,8,32606,0
64,3,13,4651,99,74764,0
71,6,11,2382,22,28304,0
66,9,12,1813,77,9137,0
98,8,11,2778,48,6933,1
115,9,11,2001,69,179683,1
105,4,12,1116,57,30468,0
63,6,12,4919,83,50572,0
86,3,11,4516,68,107476,1
63,8,13,1941,61,133203,0
109,5,12,2586,28,104267,0
85,1,11,1547,10,58066,0
78,8,12,3196,45,141662,0
88,9,11,1514,84,116008,1
74,5,14,2994,17,163697,0
70,1,14,2757,45,146617,0
87,8,11,2473,39,111663,0
86,4,11,1168,26,33819,0
66,1,12,3658,64,49526,0
88,1,13,2506,85,164297,0
103,3,11,1804,40,95440,1
95,4,14,1282,99,19803,0
92,9,11,4381,44,18350,1
94,3,11,1008,40,140520,0
62,9,13,3681,99,171732,1
111,3,11,3289,93,101505,0
78,4,12,2328,9,43593,0
81,3,12,4409,24,93679,0
72,7,13,970,12,101294,0
90,6,14,1628,91,198244,0
80,6,14,4994,68,167943,0
92,4,11,2602,11,66529,0
60,7,13,1160,31,8122,0
93,7,12,4364,17,25250,0
89,9,11,1155,90,62447,1
84,3,12,2792,95,22292,0
82,4,12,4216,31,153037,1
115,2,13,3068,59,123668,0
113,1,11,2036,82,196731,1
114,2,13,1488,82,34426,0
88,1,14,794,81,33089,0
114,4,14,2421,64,162280,1
104,6,11,2947,93,21678,0
101,1,14,3107,28,60762,0
78,2,12,4419,73,70772,0
68,7,14,1968,68,133523,0
115,2,13,3812,5,188004,1
82,3,14,4903,69,66193,0
111,9,13,3965,83,99852,1
77,9,14,3305,48,175830,0
101,3,14,3483,32,13681,0
64,3,13,4102,59,193575,0
90,5,14,3846,47,18531,0
115,4,11,4455,65,72053,1
112,6,11,3590,42,138428,1
113,6,14,1236,93,84196,0
109,1,11,2727,81,78658,1
69,7,11,4506,30,164010,1
86,4,13,1265,75,94369,0
102,6,12,4880,99,52893,1
117,3,11,3807,58,136683,1
84,3,14,4104,76,70534,0
92,5,14,771,52,117428,0
87,4,13,2754,68,133619,0
119,3,12,4935,90,22891,1
88,8,14,4235,5,37008,1
115,2,14,4184,12,6313,1
66,5,13,3635,16,37923,0
85,8,13,3220,22,164722,0
70,2,11,3246,8,28999,1
107,4,12,4601,24,20930,1
115,7,13,4190,87,192634,1
82,7,11,1755,36,114637,0
113,4,12,2965,62,168372,1
96,3,11,4902,11,42168,1
64,1,14,1678,40,87345,0
81,1,14,4884,75,164639,1
100,4,12,4335,47,147013,0
64,1,14,3878,16,29434,0
89,5,13,4378,64,84313,0
80,5,13,4460,55,34919,0
98,3,12,4888,44,103147,0
61,7,11,1260,20,119660,0
62,7,11,3749,58,147457,0
68,7,13,4702,96,87440,0
105,2,12,2117,58,166756,1
100,4,12,2231,39,19992,0
87,4,13,2666,42,114123,0
110,7,12,3591,14,101967,1
100,2,11,4123,49,131856,1
73,2,14,4258,9,24802,1
81,6,12,4868,59,50253,0
62,5,11,2674,52,148111,0
77,9,13,1833,76,146324,0
94,4,13,1185,43,143965,0
91,6,11,1879,72,116408,0
74,4,12,4254,70,70870,0
119,7,12,2614,81,140847,0
75,7,13,3794,68,5423,0
111,3,12,1825,9,28291,0
81,6,14,1510,37,86918,0
70,8,11,2586,85,87563,1
72,9,14,4105,37,143149,0
74,4,13,2771,40,182806,0
109,9,14,2338,49,22178,1
61,2,11,4379,97,119453,1
69,8,12,1724,14,55566,0
76,7,12,2956,46,158313,0
66,9,12,2000,79,72084,0
83,7,13,3016,90,32378,0
115,9,13,4840,99,164571,1
83,4,11,3691,24,191053,1
88,3,11,2400,5,86498,1
75,3,13,1376,42,171887,0
66,9,11,1615,39,94592,1
103,3,13,873,95,116760,0
105,8,14,4728,89,97861,1
86,4,13,3108,87,99277,0
77,2,11,878,39,22600,0
93,1,11,3203,41,176830,1
74,8,12,2063,7,131716,1
108,3,13,3005,38,21690,0
114,7,11,4964,65,119798,1
62,1,14,3565,86,79525,0
97,7,14,973,79,44900,0
99,5,11,1616,59,58505,1
119,5,14,2955,27,68170,0
112,7,12,2438,88,52795,0
62,4,12,4759,86,199683,1
88,1,14,2198,24,6200,0
119,7,14,856,53,184647,0
108,8,11,824,7,86188,1
67,4,14,4599,39,18488,0
78,2,12,1989,47,137400,0
80,1,11,747,42,30796,0
101,9,12,2388,15,141464,1
65,7,11,3431,65,165053,0
67,4,13,925,75,108114,0
93,2,11,2949,25,43236,0
105,4,11,3195,33,146516,1
111,3,14,3995,29,110512,0
107,3,11,4650,15,23742,1
88,2,14,2438,61,143701,0
117,2,13,1058,59,91594,0
68,3,12,3640,22,64044,0
78,1,14,3445,9,27310,0
75,9,13,1382,39,117995,0
118,2,13,3273,33,38648,0
85,7,13,2704,42,65698,0
110,2,13,2791,25,14175,0
70,3,12,2995,25,125617,0
94,1,13,2787,40,21474,0
118,8,14,3852,33,175731,1
74,6,12,3550,88,7040,0
111,8,14,1931,78,169347,1
99,9,12,2910,98,199100,1
98,7,14,4201,28,112511,1
93,7,11,4189,36,57716,0
106,2,12,1480,73,190989,0
87,5,14,4500,10,196950,1
105,9,13,1547,23,94567,1
77,5,12,1866,66,62995,0
82,8,11,2822,68,105658,1
98,7,14,1227,92,171885,1
74,4,14,3815,82,126480,0
67,8,11,4830,93,68469,1
63,5,12,2564,52,178119,0
108,3,11,3384,77,124594,1
77,9,14,3375,77,168536,1
108,9,13,3051,65,90006,1
119,2,13,4138,52,94881,0
103,5,14,1409,28,47719,0
104,2,14,1329,93,128868,0
96,6,11,2687,68,173760,1
102,1,12,820,65,48663,0
95,3,14,3091,79,38105,0
106,2,14,2980,87,53902,0
80,9,13,3695,51,139381,0
64,1,11,3920,46,162250,0
87,7,13,2819,18,17490,0
92,1,11,1540,88,111112,0
85,7,13,4181,29,24597,0
87,6,13,3185,55,99955,0
104,5,12,2852,55,189475,1
100,6,14,4105,93,61161,1
91,4,11,1357,6,18332,1
80,2,11,1791,63,41214,0
97,2,14,1867,60,85013,0
67,2,14,4720,23,121680,0
100,8,12,2206,94,185994,1
93,5,13,1354,16,54956,0
74,6,13,3196,6,174328,0
102,5,12,3589,32,75724,0
85,7,11,2726,50,99564,0
94,8,12,2275,37,18228,0
63,7,11,1215,82,112360,0
102,6,11,4045,99,28922,1
65,6,12,1976,88,130167,0
110,6,12,3234,46,134455,0
81,8,11,4159,60,139885,1
90,1,13,4437,27,74520,0
71,3,11,4009,12,189975,1
110,6,12,2551,56,20860,0
87,3,13,1139,62,21957,0
93,2,14,2652,81,112886,0
82,6,11,2318,19,130817,0
119,3,12,1032,92,153128,1
90,9,11,4830,58,31542,1
112,2,12,1552,11,15550,1
111,9,11,4213,41,123015,1
63,1,13,3144,90,45262,0
115,4,11,2773,90,125310,1
116,3,13,4806,28,91720,1
71,5,13,1715,72,164278,0
63,3,11,785,96,59238,0
109,5,14,1901,25,93808,0
76,7,12,4937,38,15532,0
64,4,11,4027,67,152984,1
101,8,11,3487,21,123274,1
97,3,14,3392,89,96237,0
69,4,14,2357,22,112692,0
72,1,14,2281,24,148342,0
82,7,14,3529,38,81695,0
117,1,11,4053,35,184641,1
112,6,11,3572,25,44900,0
89,2,11,4473,36,124945,1
81,8,14,2780,39,197484,1
114,2,14,2490,71,78378,0
67,9,12,4015,91,32835,0
69,1,12,4859,61,80097,0
88,5,13,3668,73,178851,0
106,7,11,2943,85,50905,1
118,3,11,1727,19,181111,1
119,2,12,1960,73,73939,0
64,5,14,4568,70,80393,0
68,3,13,1908,16,64106,0
67,4,12,1300,10,9035,0
100,5,12,791,38,89284,0
101,9,13,4243,45,58959,1
85,7,14,4658,69,73171,0
116,5,11,2871,80,72141,0
78,9,12,3842,99,12266,0
83,9,13,3235,96,183299,0
109,7,11,4225,43,111276,1
94,2,14,4768,19,66601,0
85,7,13,2123,8,119351,0
89,4,11,4917,93,175107,1
93,4,14,2215,49,152064,0
102,4,13,1496,38,40649,0
86,1,14,2333,52,132296,0
77,6,12,1486,67,19606,0
100,3,13,4399,35,64359,1
75,4,12,4208,10,39586,1
102,2,14,1369,93,174832,1
60,1,14,3680,46,13754,0
98,3,14,1398,56,50024,0
73,9,13,4251,25,25255,0
111,1,13,2138,99,153468,1
105,6,14,864,79,15163,0
70,5,12,4513,49,158478,1
80,5,13,4866,93,52949,0
101,6,14,1501,38,187392,1
91,9,12,3860,12,109863,0
72,2,13,4272,64,84468,0
72,6,14,2015,43,129872,0
90,5,12,4399,11,6291,1
77,4,13,3903,81,143692,0
64,6,11,2296,27,76527,0
99,8,12,4930,80,27337,1
102,1,12,4243,5,88960,1
90,4,11,1651,44,136602,0
111,7,13,3623,56,83064,0
105,3,13,3366,68,154841,0
76,8,11,2839,76,128467,1
62,7,11,3924,76,195231,0
69,5,14,1304,5,44304,0
108,4,11,1750,83,100340,0
71,3,14,4650,28,177833,0
68,5,12,855,75,11311,0
105,3,11,776,73,95960,0
119,1,14,3868,37,96719,0
65,7,14,3966,27,56539,0
62,5,11,1257,78,24931,0
89,9,12,2755,22,21644,0
105,3,14,924,14,19378,1
65,4,12,4160,95,32158,0
93,7,14,1344,21,136480,0
95,5,13,2204,96,23188,0
77,6,12,3330,84,79481,0
95,7,14,4520,61,111396,0
95,4,14,3906,70,117329,0
95,3,11,4209,93,37296,1
117,9,14,4896,41,48545,1
116,6,13,4075,76,69212,0
115,1,12,3530,57,167811,1
96,6,12,1661,86,192225,0
119,1,13,2850,11,39135,0
86,1,11,4897,93,15264,1
82,2,12,3261,53,86265,0
83,3,11,2419,37,135753,0
71,9,14,4750,30,155434,1
86,9,11,4028,29,44682,1
69,6,11,1075,65,48197,0
97,9,12,4074,79,30355,1
75,2,14,3234,41,164140,0
78,4,14,996,44,157676,0
108,9,11,1435,80,83982,1
119,3,13,2326,81,141121,0
101,3,13,4431,31,111463,0
93,3,14,2404,82,100751,0
113,3,12,4783,96,16681,1
63,9,14,2046,33,110323,0
70,5,13,716,50,43042,0
102,8,13,1150,48,57279,1
98,4,14,3006,75,171916,1
113,7,13,4498,44,5524,1
105,6,13,1843,40,21750,0
60,8,13,4903,93,100925,0
68,6,13,3566,9,185655,1
109,2,12,2439,87,12897,0
117,2,13,3546,37,70519,0
82,5,12,3460,46,85800,0
89,7,14,1666,13,92368,0
96,8,14,4453,63,157935,1
66,5,13,2872,80,54806,0
102,2,11,1262,59,130476,1
115,1,12,3123,95,170915,1
90,7,13,2317,83,162653,0
113,7,11,1572,43,190361,1
68,8,11,3306,21,125297,1
107,3,13,4705,97,128336,0
70,5,13,4827,43,41536,0
83,6,11,3241,42,123713,0
113,5,12,3197,81,89279,0
113,6,12,1358,63,126256,0
92,4,14,1880,31,89132,0
88,4,13,3034,10,46475,0
96,2,12,3135,81,77155,0
116,6,14,3971,14,75111,0
119,1,14,1783,13,5163,0
60,3,11,1418,8,96095,1
116,1,11,4399,59,131223,1
96,7,12,3957,73,171729,0
92,5,12,973,20,148766,0
81,4,12,2067,42,130175,0
105,5,13,1536,48,179559,0
64,4,14,2842,18,89249,0
67,4,13,4252,94,46560,0
64,4,13,2199,37,179425,0
86,8,11,2516,74,34388,0
104,3,13,4087,5,44196,1
84,3,12,3566,84,115243,0
77,1,11,3393,66,177915,0
113,3,12,4486,96,21506,1
117,6,11,1522,27,134605,0
113,3,14,843,14,41107,1
70,6,14,1355,30,191327,0
78,1,13,2663,27,10612,0
108,7,14,2086,48,197529,1
97,1,11,3397,34,73197,0
108,4,12,2701,86,73856,0
109,9,13,3559,95,168209,1
91,3,14,3579,96,129601,0
112,8,13,1753,57,108037,0
75,8,11,3129,45,147394,0
105,2,11,3616,60,127556,1
65,7,12,3210,5,187529,0
104,3,14,2533,97,66707,0
80,4,13,799,74,168586,0
